[
  {
    "id": 1,
    "name": "אבן יהודה"
  },
  {
    "id": 2,
    "name": "אום אל-פחם"
  },
  {
    "id": 3,
    "name": "אופקים"
  },
  {
    "id": 4,
    "name": "אזור"
  },
  {
    "id": 5,
    "name": "אילת"
  },
  {
    "id": 6,
    "name": "אכסאל"
  },
  {
    "id": 7,
    "name": "אריאל"
  },
  {
    "id": 8,
    "name": "אשדוד"
  },
  {
    "id": 9,
    "name": "אשקלון"
  },
  {
    "id": 10,
    "name": "באר שבע"
  },
  {
    "id": 11,
    "name": "בית שאן"
  },
  {
    "id": 12,
    "name": "בית שמש"
  },
  {
    "id": 13,
    "name": "בני ברק"
  },
  {
    "id": 14,
    "name": "בת ים"
  },
  {
    "id": 15,
    "name": "גבעת שמואל"
  },
  {
    "id": 16,
    "name": "גבעתיים"
  },
  {
    "id": 17,
    "name": "דימונה"
  },
  {
    "id": 18,
    "name": "הוד השרון"
  },
  {
    "id": 19,
    "name": "הרצליה"
  },
  {
    "id": 20,
    "name": "חדרה"
  },
  {
    "id": 21,
    "name": "חולון"
  },
  {
    "id": 22,
    "name": "חיפה"
  },
  {
    "id": 23,
    "name": "טבריה"
  },
  {
    "id": 24,
    "name": "טירת כרמל"
  },
  {
    "id": 25,
    "name": "יבנה"
  },
  {
    "id": 26,
    "name": "יהוד"
  },
  {
    "id": 27,
    "name": "יקנעם"
  },
  {
    "id": 28,
    "name": "ירוחם"
  },
  {
    "id": 29,
    "name": "ירושלים"
  },
  {
    "id": 30,
    "name": "כפר סבא"
  },
  {
    "id": 31,
    "name": "כפר קאסם"
  },
  {
    "id": 32,
    "name": "כרמיאל"
  },
  {
    "id": 33,
    "name": "לוד"
  },
  {
    "id": 34,
    "name": "מגדל העמק"
  },
  {
    "id": 35,
    "name": "מודיעין"
  },
  {
    "id": 36,
    "name": "מודיעין עילית"
  },
  {
    "id": 37,
    "name": "מכבים רעות"
  },
  {
    "id": 38,
    "name": "מעלה אדומים"
  },
  {
    "id": 39,
    "name": "מעלות-תרשיחא"
  },
  {
    "id": 40,
    "name": "מצפה רמון"
  },
  {
    "id": 41,
    "name": "נס ציונה"
  },
  {
    "id": 42,
    "name": "נצרת"
  },
  {
    "id": 43,
    "name": "נצרת עילית"
  },
  {
    "id": 44,
    "name": "נשר"
  },
  {
    "id": 45,
    "name": "נתיבות"
  },
  {
    "id": 46,
    "name": "נתניה"
  },
  {
    "id": 47,
    "name": "עכו"
  },
  {
    "id": 48,
    "name": "עפולה"
  },
  {
    "id": 49,
    "name": "ערד"
  },
  {
    "id": 50,
    "name": "פתח תקווה"
  },
  {
    "id": 51,
    "name": "צפת"
  },
  {
    "id": 52,
    "name": "קיסריה"
  },
  {
    "id": 53,
    "name": "קרית אונו"
  },
  {
    "id": 54,
    "name": "קרית אתא"
  },
  {
    "id": 55,
    "name": "קרית ביאליק"
  },
  {
    "id": 56,
    "name": "קרית גת"
  },
  {
    "id": 57,
    "name": "קרית ים"
  },
  {
    "id": 58,
    "name": "קרית מוצקין"
  },
  {
    "id": 59,
    "name": "קרית שמונה"
  },
  {
    "id": 60,
    "name": "ראש העין"
  },
  {
    "id": 61,
    "name": "רעננה"
  },
  {
    "id": 62,
    "name": "ראשון לציון"
  },
  {
    "id": 63,
    "name": "רהט"
  },
  {
    "id": 64,
    "name": "רמת גן"
  },
  {
    "id": 65,
    "name": "רמת השרון"
  },
  {
    "id": 66,
    "name": "רמלה"
  },
  {
    "id": 67,
    "name": "שדרות"
  },
  {
    "id": 68,
    "name": "שפרעם"
  },
  {
    "id": 69,
    "name": "תל אביב"
  },
  {
    "id": 70,
    "name": "תל מונד"
  },
  {
    "id": 71,
    "name": "תפריח"
  }
]
