[
  {
    "id": 2,
    "name": "אדריכלות ועיצוב פנים"
  },
  {
    "id": 3,
    "name": "אדריכלות נוף"
  },
  {
    "id": 4,
    "name": "אלקטרוניקה"
  },
  {
    "id": 5,
    "name": "ביוטכנולוגיה"
  },
  {
    "id": 6,
    "name": "בניין/אזרחית"
  },
  {
    "id": 7,
    "name": "חשמל"
  },
  {
    "id": 8,
    "name": "טכנולוגיות מים"
  },
  {
    "id": 9,
    "name": "כימיה תרופתית"
  },
  {
    "id": 10,
    "name": "מכונות"
  },
  {
    "id": 11,
    "name": "עיצוב מדיה"
  },
  {
    "id": 12,
    "name": "עיצוב תעשייתי"
  },
  {
    "id": 13,
    "name": "קירור ומיזוג אוויר"
  },
  {
    "id": 14,
    "name": "תוכנה"
  },
  {
    "id": 15,
    "name": "מכשור רפואי"
  },
  {
    "id": 16,
    "name": "תעשייה וניהול"
  }
]
